emp_id,name,department,salary,city,date_of_joining
1,John,IT,70000,Hyderabad,2018-03-15
2,Alice,HR,50000,Bangalore,2019-07-22
3,David,Finance,65000,Delhi,2017-11-05
4,Sarah,IT,80000,Mumbai,2016-01-18
5,Rahul,Sales,45000,Hyderabad,2020-06-10
6,Priya,HR,55000,Pune,2018-09-27
7,Amit,IT,72000,Bangalore,2019-02-14
8,Neha,Finance,60000,Mumbai,2017-05-30
9,Carlos,Sales,48000,Delhi,2021-04-12
10,Sunita,IT,85000,Hyderabad,2015-08-19
11,Michael,HR,52000,Pune,2020-10-03
12,Divya,Finance,67000,Chennai,2018-12-21
13,Ravi,Sales,43000,Bangalore,2022-01-25
14,Emily,IT,78000,Mumbai,2016-07-08
15,Arjun,HR,57000,Delhi,2019-11-16
16,Kavya,Finance,63000,Hyderabad,2018-04-02
17,Tom,IT,90000,Bangalore,2014-06-11
18,Sneha,Sales,46000,Chennai,2021-09-29
19,Vikram,HR,53000,Mumbai,2020-03-17
20,Pooja,Finance,69000,Pune,2017-08-24
21,James,IT,76000,Delhi,2019-05-06
22,Ananya,Sales,50000,Hyderabad,2020-12-13
23,Suresh,HR,58000,Bangalore,2018-06-28
24,Linda,Finance,64000,Chennai,2017-02-09
25,Kiran,IT,82000,Mumbai,2015-11-20
26,Meera,Sales,47000,Pune,2021-07-15
27,Rohit,IT,74000,Delhi,2019-09-04
28,Fatima,HR,56000,Hyderabad,2020-05-22
29,Nathan,Finance,71000,Bangalore,2016-10-31
30,Simran,Sales,49000,Mumbai,2022-03-08
31,Arun,IT,88000,Chennai,2015-04-26
32,Tanvi,Finance,66000,Pune,2019-08-14
33,Daniel,Sales,51000,Delhi,2021-11-03
34,Swati,IT,79000,Bangalore,2017-03-29
35,Rajesh,HR,54000,Hyderabad,2020-01-17
36,Chloe,Finance,68000,Mumbai,2018-10-12
37,Manish,IT,81000,Pune,2019-03-25
38,Sophia,Sales,48500,Chennai,2021-06-18
39,Karan,Finance,62000,Bangalore,2017-09-09
40,Anjali,HR,56500,Delhi,2020-04-14
41,Tariq,IT,77000,Hyderabad,2018-11-30
42,Nikhil,Finance,65500,Mumbai,2021-02-11
43,Ritu,Sales,49500,Pune,2019-12-05
44,Siddharth,IT,84000,Bangalore,2017-07-19
45,Tara,HR,57500,Chennai,2020-08-23
46,Varun,Finance,70500,Delhi,2018-05-14
